Model Name,Category,Description,Art Quality,Realism Quality,Prompting Quality,Typography Quality,Cost
Seedance 1.0 Pro,Video,A text-to-video & image-to-video model by ByteDance AI,High,High,High,N/A,$$$$$
King 2.5 Turbo Standard,Video,Designed for smooth cinematic image-to-video generation by Kling AI,High,High,High,N/A,$$$$$
Veo 3.1,Video,Lifelike motion with context-aware synchronized audio. Support for both text-and,High,High,High,N/A,$$$$$
Veo 3.1 Fast,Video,Create dynamic cinematic videos from a single image with lifelike motion and synchronized,High,High,High,N/A,$$$$$
Google Veo 3.0 Fast,Video,A text-to-video & image-to-video model by Google,High,High,High,N/A,$$$$$
Seedance 1.0 Pro,Video,A text-to-video & image-to-video model by ByteDance AI,High,High,High,N/A,$$$$$
Seedance 1.0 Lite,Video,A text-to-video & image-to-video model by ByteDance AI,High,High,High,N/A,$$$$$
Kling 2.5 Turbo Pro,Video,A text-to-video & image-to-video model by Kling AI with turbocharged motion and,High,High,High,N/A,$$$$$
Kling 2.1 Standard,Video,An image-to-video model by Kling AI,High,High,High,N/A,$$$$$
Kling 1.6 Standard,Video,A text-to-video & image-to-video model by Kling AI,High,High,High,N/A,$$$$$
Runway Gen-4 Turbo,Video,The latest image-to-video model by Runway,High,High,High,N/A,$$$$$
Juggernaut Flux Base,Video,A version of Flux trained on high-quality images. By RunDiffusion,High,High,High,N/A,$$-$$$
